line_id,program_id,station_order,station_name,process,cycle_time_sec,operators_per_shift,shifts_per_day,tooling_capex_pd,bottleneck,notes
rifle-std-1-s01,rifle-std-1,1,Receiver machining,CNC mill and broach,420,4,2,12000000,false,"Two machining cells; scrap target <4%"
rifle-std-1-s02,rifle-std-1,2,Barrel forge and rifle,Cold hammer forge plus button rifle,360,3,2,15000000,true,"Single forge cell is the plant bottleneck at design rate"
rifle-std-1-s03,rifle-std-1,3,Heat treat and chrome,Heat treat quench and bore chrome,300,2,2,6000000,false,""
rifle-std-1-s04,rifle-std-1,4,Bolt carrier grind,Grind and MPI inspect,240,2,2,3500000,false,""
rifle-std-1-s05,rifle-std-1,5,Polymer mold,Injection mold stock and grips,90,1,2,2000000,false,"Feeds furniture sub-assembly"
rifle-std-1-s06,rifle-std-1,6,Sub-assembly,Handguard bolt stock mag fit,180,6,2,800000,false,""
rifle-std-1-s07,rifle-std-1,7,Final assembly,Assemble headspace function check,150,8,2,500000,false,""
rifle-std-1-s08,rifle-std-1,8,Proof and zero,Proof fire and 25m zero,120,4,2,1500000,false,"Indoor range bay; cadence matches final assembly"
rifle-std-1-s09,rifle-std-1,9,Finish pack ship,Finish mark pack crate,60,3,2,200000,false,""
